{"total_rows":60,"offset":0,"rows":[
{"id":"1421266458567380994","key":"1421266458567380994","value":{"rev":"1-0b29ad88845d9827f1bd46fb72bdfd07"}},
{"id":"1421266458609324036","key":"1421266458609324036","value":{"rev":"1-b6a4842de76b16b51d91353e5ecd036f"}},
{"id":"1421266459091734529","key":"1421266459091734529","value":{"rev":"1-bd09543773bb4415a1c92683953ffa4b"}},
{"id":"1421266460341592072","key":"1421266460341592072","value":{"rev":"1-8789ce4cd2f3b5b23173764c1bc4914d"}},
{"id":"1421266460962349060","key":"1421266460962349060","value":{"rev":"1-60875eaf2d2e47dcb102cb87929ef5b3"}},
{"id":"1421266461113344001","key":"1421266461113344001","value":{"rev":"1-39c4c35c0def5d29fc3136a93cb1d539"}},
{"id":"1421266461595783175","key":"1421266461595783175","value":{"rev":"1-18b16ef8c261a94883ac1e734d0069a6"}},
{"id":"1421266462333931520","key":"1421266462333931520","value":{"rev":"1-7ea01b8fa1d74f80f1264e63636b35f4"}},
{"id":"1421266462862413828","key":"1421266462862413828","value":{"rev":"1-8282d82dcb8d9580eb4334129c41cb97"}},
{"id":"1421266464766562307","key":"1421266464766562307","value":{"rev":"1-1df87ba947aabed19d5598c80130626c"}},
{"id":"1421266464955420677","key":"1421266464955420677","value":{"rev":"1-f4e431757237b0c04339bd288e5f886d"}},
{"id":"1421266465861378052","key":"1421266465861378052","value":{"rev":"1-c50c917a4443c6b1209367f4573be48b"}},
{"id":"1421266466763124739","key":"1421266466763124739","value":{"rev":"1-83c3483789e051caabd42912a9fb2dae"}},
{"id":"1421266466821885959","key":"1421266466821885959","value":{"rev":"1-f7c2e281d46586097bef65c02ff582e7"}},
{"id":"1421266467551600644","key":"1421266467551600644","value":{"rev":"1-43731e467ad0ec88a014b1c2ffb17c90"}},
{"id":"1421266468633776130","key":"1421266468633776130","value":{"rev":"1-4d23dded4fa634cc58eb65a6201030f6"}},
{"id":"1421266469174775812","key":"1421266469174775812","value":{"rev":"1-3795ba5e8fd799dd8a32c7d4d6fc5b9d"}},
{"id":"1421266470248624138","key":"1421266470248624138","value":{"rev":"1-cbbb5d832e5cc195cf22c0d7efa65eed"}},
{"id":"1421266470860906500","key":"1421266470860906500","value":{"rev":"1-3e9cb13ed653f3be9f5e44938bea51a0"}},
{"id":"1421266473364987913","key":"1421266473364987913","value":{"rev":"1-58a30a1060fcda5b4de09fafe16ee71e"}},
{"id":"1421266474132549632","key":"1421266474132549632","value":{"rev":"1-29e84cd4a0f151aa35f4024f63a9e118"}},
{"id":"1421266475059499014","key":"1421266475059499014","value":{"rev":"1-fc999bbd18deed1cca99d69e1b6ec6db"}},
{"id":"1421266476003123202","key":"1421266476003123202","value":{"rev":"1-242c25d290127721260f49027a70b561"}},
{"id":"1421266476330332162","key":"1421266476330332162","value":{"rev":"1-396020452cfeefdb523b65bf5fc01ae8"}},
{"id":"1421266476644933632","key":"1421266476644933632","value":{"rev":"1-7272e69536ce55349ab56e5bd46de7c1"}},
{"id":"1421266478024650754","key":"1421266478024650754","value":{"rev":"1-810d8425665f445a9d1fd13af9ea85b3"}},
{"id":"1421266478754578434","key":"1421266478754578434","value":{"rev":"1-d2c63ff6c51b479f8aff09a20be73d39"}},
{"id":"1421266479354363907","key":"1421266479354363907","value":{"rev":"1-22322156f3464903569e16312623ef1f"}},
{"id":"1421266479480283138","key":"1421266479480283138","value":{"rev":"1-26039e8610c5f4f86d410dfb7e67ca3b"}},
{"id":"1421266479870320642","key":"1421266479870320642","value":{"rev":"1-6520438bbabd9f250133b6f7e294a4e8"}},
{"id":"1421266480491073539","key":"1421266480491073539","value":{"rev":"1-d81178a66f9862babe8877bc087acd59"}},
{"id":"1421266480851820549","key":"1421266480851820549","value":{"rev":"1-f54375bfba1b1b27c8273c52d1dc30f2"}},
{"id":"1421266480910512130","key":"1421266480910512130","value":{"rev":"1-2757be864f4238d18823f36fb1935a00"}},
{"id":"1421266480923086854","key":"1421266480923086854","value":{"rev":"1-30df8bd9348cabc5bc2d9b6649f07a3d"}},
{"id":"1421266481271169025","key":"1421266481271169025","value":{"rev":"1-2ec6f2c0602ea86353c86ed12cfd05b2"}},
{"id":"1421266481527107592","key":"1421266481527107592","value":{"rev":"1-2e426f539db9ab6a163c621bf7984b55"}},
{"id":"1421266481824870402","key":"1421266481824870402","value":{"rev":"1-64a77bf1fcacacc429af74acfc14a4a1"}},
{"id":"1421266481829097473","key":"1421266481829097473","value":{"rev":"1-7e6b071156bec9aedda283a7581be81d"}},
{"id":"1421266481975791619","key":"1421266481975791619","value":{"rev":"1-ffd9b5915c8e6166d221e925e28fd50e"}},
{"id":"1421266482600742915","key":"1421266482600742915","value":{"rev":"1-d75f22faef3c3a7a697f00da76769308"}},
{"id":"1421266482927972361","key":"1421266482927972361","value":{"rev":"1-4659f5d5a4ad72a81d47d82c45b96be2"}},
{"id":"1421266483573923843","key":"1421266483573923843","value":{"rev":"1-a15843bad1f7a24008695658f504cec0"}},
{"id":"1421266484073013251","key":"1421266484073013251","value":{"rev":"1-8dcb7bea416183a255f5f988dfe704b2"}},
{"id":"1421266484106518529","key":"1421266484106518529","value":{"rev":"1-c16194929d9dc8fdacd6b3bb878d0cee"}},
{"id":"1421266484303732738","key":"1421266484303732738","value":{"rev":"1-1b7165218b5ca0fa88e8bc16e030eb01"}},
{"id":"1421266484895039492","key":"1421266484895039492","value":{"rev":"1-f7ee9cdab38e7ef055ceb109b92de428"}},
{"id":"1421266485767516165","key":"1421266485767516165","value":{"rev":"1-4349336250e453805ff6c8ad4ed45d3b"}},
{"id":"1421266486778286082","key":"1421266486778286082","value":{"rev":"1-317fb66d716a23cc85fc7f62c300cb5f"}},
{"id":"1421266487256485900","key":"1421266487256485900","value":{"rev":"1-6265db3ed64dd921d0504b43614d3a3e"}},
{"id":"1421266487474630658","key":"1421266487474630658","value":{"rev":"1-61f86d07bd94660a05996cad055973f2"}},
{"id":"1421266487604559877","key":"1421266487604559877","value":{"rev":"1-3392255c80c15a3082473bf9c408c745"}},
{"id":"1421266487688450048","key":"1421266487688450048","value":{"rev":"1-acb69db47e25bd6e5620c1f2d999a237"}},
{"id":"1421266487873089537","key":"1421266487873089537","value":{"rev":"1-1c05c30d220e3950e62bfc0e1656129a"}},
{"id":"1421266487944359942","key":"1421266487944359942","value":{"rev":"1-57b4b28ad233f799da0840cb03715e4f"}},
{"id":"1421266488120467462","key":"1421266488120467462","value":{"rev":"1-63db9f24ce2cc673fecc0d6f5e3f31a7"}},
{"id":"1421266488976158724","key":"1421266488976158724","value":{"rev":"1-a18596e4b34c72db8425dbb4ad7f5afe"}},
{"id":"1421266488988667908","key":"1421266488988667908","value":{"rev":"1-abad29508760ffa72a8106eaa2f2411f"}},
{"id":"1421266489999568899","key":"1421266489999568899","value":{"rev":"1-458560d8fb5161177a0611558fee68e5"}},
{"id":"1421266491836702720","key":"1421266491836702720","value":{"rev":"1-ed9867b112dcbd7d8de25e4797df52ba"}},
{"id":"1421266492059000837","key":"1421266492059000837","value":{"rev":"1-488e9315df59fe2da686fba6d1bcc2e6"}}
]}