{"total_rows":31,"offset":0,"rows":[
{"id":"1421264701141360641","key":"1421264701141360641","value":{"rev":"1-e6a389c71519ea5dc97dd540766c63fb"}},
{"id":"1421264715758530563","key":"1421264715758530563","value":{"rev":"1-c741103a4d79b8a24eb7bda4fccf882f"}},
{"id":"1421264717130002436","key":"1421264717130002436","value":{"rev":"1-d70dfb0a2a17b0cfb55910df93810c00"}},
{"id":"1421264719592058883","key":"1421264719592058883","value":{"rev":"1-7e8284ad2960292304afbbbb59a272e1"}},
{"id":"1421264724214251520","key":"1421264724214251520","value":{"rev":"1-323908c1ed135a5f47453abd767eb4f8"}},
{"id":"1421264736591785991","key":"1421264736591785991","value":{"rev":"1-ae9662ab06875d0db96921e74888f09e"}},
{"id":"1421264747207430144","key":"1421264747207430144","value":{"rev":"1-622d546b88b63c3cdc3c55dc2b7d2386"}},
{"id":"1421264763619737601","key":"1421264763619737601","value":{"rev":"1-e46552a5e5c496c8f132f32b287279d6"}},
{"id":"1421264765356150791","key":"1421264765356150791","value":{"rev":"1-b695235547f2061d75574a136203c350"}},
{"id":"1421264791675445251","key":"1421264791675445251","value":{"rev":"1-eae1f3f9ad0e333e5c6463485df9a1d8"}},
{"id":"1421264804178644992","key":"1421264804178644992","value":{"rev":"1-b06286a15dcced383ff97381d0b2ad0c"}},
{"id":"1421264805650866179","key":"1421264805650866179","value":{"rev":"1-854bc56ca714cd57d1c70b463b4919e7"}},
{"id":"1421264822990110721","key":"1421264822990110721","value":{"rev":"1-f4f49842c7a9f1a37125b156f65111e8"}},
{"id":"1421264827083755522","key":"1421264827083755522","value":{"rev":"1-55438f7e260f2f81ee7264a1fea3e661"}},
{"id":"1421264892149915651","key":"1421264892149915651","value":{"rev":"1-a396bff02b743e89b946a08c5fdd4748"}},
{"id":"1421264900312104960","key":"1421264900312104960","value":{"rev":"1-87ea1b7d7d2bce2e2fd82476d78c2206"}},
{"id":"1421264925385576451","key":"1421264925385576451","value":{"rev":"1-786dc5a27d392a865da7e617c4cf82ba"}},
{"id":"1421264926480506881","key":"1421264926480506881","value":{"rev":"1-3f8f75347c15f3fe01c4919cd00bdcd2"}},
{"id":"1421264930699759621","key":"1421264930699759621","value":{"rev":"1-8f07d54dfb61c2a2906451b8d5b596e2"}},
{"id":"1421264932658507778","key":"1421264932658507778","value":{"rev":"1-43f77026addde721caae883a583c69e6"}},
{"id":"1421264939356803075","key":"1421264939356803075","value":{"rev":"1-635e48cc205823906c543690cf1761b5"}},
{"id":"1421264942078955521","key":"1421264942078955521","value":{"rev":"1-99f9d1b7b35ad834042317276ad1cb24"}},
{"id":"1421264947502215168","key":"1421264947502215168","value":{"rev":"1-1776fb48ad58870518ae93ef3b095b22"}},
{"id":"1421264953365782528","key":"1421264953365782528","value":{"rev":"1-f75e5c5444b49fe888aabb59e5b179c0"}},
{"id":"1421264959577624576","key":"1421264959577624576","value":{"rev":"1-27ff8d3e308295523cf915a8820e37eb"}},
{"id":"1421264970151432195","key":"1421264970151432195","value":{"rev":"1-921d8c7144696e3c8fbe33ebffa36734"}},
{"id":"1421264984550428676","key":"1421264984550428676","value":{"rev":"1-9b417953d54325429ab6cc1b2748021a"}},
{"id":"1421264984869269508","key":"1421264984869269508","value":{"rev":"1-ef7f34503317e13e418d32f5825470b6"}},
{"id":"1421264988518293506","key":"1421264988518293506","value":{"rev":"1-4240a0560db538fbaa22d149e4f357d6"}},
{"id":"1421264992179941377","key":"1421264992179941377","value":{"rev":"1-5873d163a39a00e5531f07733f60fe76"}},
{"id":"1421264993207525377","key":"1421264993207525377","value":{"rev":"1-154650e44cee84bf8ca00fb8d985261f"}}
]}